drug,frequncy in AML
DB00142,0.2199904958431032
DB00114,0.0041278533619380385
DB00157,0.0016519090097581856
DB00273,0.0015859937694755102
DB00780,0.0011309264507851132
DB12010,0.0010750009366265571
DB00128,0.0010430867478025828
DB00151,0.0007416832793980295
DB00167,0.000674465393530282
DB00898,0.0004673653027537859
DB01593,0.0004417411014271769
DB00606,0.00040883572218931044
DB08883,0.00040745557329080576
DB00312,0.00034584139653797243
DB00418,0.0003454859488908103
DB01174,0.00034525914463629014
DB12153,0.00028721680809593183
DB00161,0.00028156118700525633
DB00996,0.000278677751223147
DB01708,0.0002757787664249368
DB00659,0.0002756743290921494
DB00293,0.00027275013876325413
DB00289,0.00026872936763978916
DB04896,0.0002686231653482059
DB00949,0.0002684096737507527
DB09481,0.0002684096737507527
DB00145,0.0002663426228992291
DB06151,0.00026349309628238057
DB00130,0.00025061587445230027
DB08835,0.00024915941303558673
DB00120,0.00020037767487497606
DB00126,0.00019104155418725075
DB00794,0.00018867279242123356
DB00241,0.00018817323987152998
DB00599,0.00018815001457674996
DB11081,0.00018701216872907598
DB00174,0.00017510762098091434
DB01173,0.0001705157956254955
DB00454,0.00016604181049330788
DB00915,0.00015375868797573656
DB00313,0.00015158329205973192
DB00463,0.00014223945768249198
DB01483,0.00014192742125723642
DB00119,0.00013998087906146798
DB00675,0.00013530199004064427
DB01356,0.0001343204396722575
DB01043,0.000126133607307065
DB01080,0.00011975259780117347
DB00143,0.00011730092572340149
DB00228,0.00011711777704201664
DB09289,0.0001088999299724586
DB00163,0.00010435182415755132
DB00795,0.00010121015371285558
DB00170,9.849506411459379e-05
DB00740,9.133425864632692e-05
DB00138,9.056300320561216e-05
DB01136,8.934027361313074e-05
DB06616,8.912298578095715e-05
DB00055,8.729386131672322e-05
DB00036,8.70933536354063e-05
DB00100,8.644013795162211e-05
DB13152,8.644013795162211e-05
DB09332,8.595196109165884e-05
DB01022,8.22723526089585e-05
DB02709,7.922786174789085e-05
DB01125,7.780135400523253e-05
DB00306,7.738831156531314e-05
DB00237,7.738831156531314e-05
DB00849,7.711968636196426e-05
DB01351,7.707627514005758e-05
DB01352,7.707627514005758e-05
DB01353,7.707627514005758e-05
DB00173,6.869288707950343e-05
DB05294,6.620625189545298e-05
DB01394,6.101723102876071e-05
DB01254,6.034277717591631e-05
DB04272,5.9607709836444635e-05
DB00945,5.9266804234179955e-05
DB01169,5.6929818681523855e-05
DB01592,5.6819230816953495e-05
DB00361,5.5144339072266405e-05
DB00201,5.336496669367769e-05
DB00594,5.330147601178742e-05
DB00783,5.1392459783364267e-05
DB04845,5.0830130386117294e-05
DB13954,5.0391552115270026e-05
DB00188,4.750369139161254e-05
DB00893,4.7148101206365435e-05
DB00139,4.6747132337029306e-05
DB00162,4.6642178047548207e-05
DB00514,4.609901994118214e-05
DB08896,4.449476201201229e-05
DB00255,4.3697246962427e-05
DB01110,4.147592889558979e-05
DB00630,4.129397297963713e-05
DB00025,3.855321026664897e-05
DB13999,3.855321026664897e-05
DB04865,3.758833665997845e-05
DB01956,3.753524750362374e-05
DB00031,3.61015444443635e-05
budipine,3.5573279655853874e-05
cycloserine-(d),3.5573279655853874e-05
DB00852,3.498666967171871e-05
DB03904,3.404052587849605e-05
DB00755,3.327952752021536e-05
DB00619,3.2441535468973927e-05
DB09301,3.221793540303436e-05
DB09221,3.145630487740611e-05
DB00502,3.073411919967723e-05
DB00321,2.9849865379312455e-05
DB08889,2.8692987304083712e-05
DB00070,2.8665093094075137e-05
DB00348,2.8084773882791838e-05
DB01278,2.774074577045851e-05
DB00482,2.7103529019933004e-05
DB00193,2.573755315451221e-05
DB02659,2.536761289821996e-05
DB00005,2.5258396621121204e-05
DB00811,2.508747101940937e-05
DB06637,2.4743115229148736e-05
DB00746,2.461187857664076e-05
DB06782,2.461187857664076e-05
DB00072,2.4384527479771432e-05
DB00392,2.4146072272621175e-05
DB00118,2.4034121667564892e-05
DB09462,2.3909025198581626e-05
arsenic-trioxide,2.345617846772653e-05
DB01064,2.297789539572833e-05
DB00720,2.265923355583044e-05
bucladesine,2.213413063770235e-05
DB00131,2.1434261389237168e-05
DB00570,2.138166369759724e-05
DB00281,2.058480926345999e-05
DB09118,2.038872238160722e-05
DB01229,2.0265899483706387e-05
DB00148,2.0209311257189838e-05
DB00674,2.0178715311864004e-05
DB08901,2.0129959185632854e-05
DB00002,2.0026448983696905e-05
L-Citrulline,1.9914201485104865e-05
DB00155,1.9914201485104865e-05
DB00530,1.949438637753852e-05
DB00317,1.945097515563184e-05
DB09559,1.945097515563184e-05
DB00165,1.9304564753380237e-05
DB00242,1.926038311826993e-05
DB08818,1.925051995604361e-05
DB01248,1.888799517856626e-05
DB06603,1.855220317708482e-05
DB05015,1.855220317708482e-05
DB04465,1.8480781646358047e-05
DB06774,1.8376908433342153e-05
DB00752,1.8079804024627117e-05
DB03017,1.7781925159797063e-05
DB01078,1.7723930655772434e-05
DB06176,1.7496326265845226e-05
DB00121,1.749309217568006e-05
DB01017,1.72592138524404e-05
DB00071,1.7036411574529758e-05
DB00129,1.6981458556362582e-05
DB00583,1.6887876719969405e-05
DB01109,1.687853020001634e-05
DB04216,1.6458772849053415e-05
DB02701,1.6367897247658676e-05
DB00030,1.6331489937751763e-05
DB09083,1.630326616498391e-05
DB00277,1.6296463539333844e-05
DB00141,1.627387021411526e-05
DB01143,1.6122739710859195e-05
hyaluronic-acid,1.5916207896396666e-05
DB01196,1.5809049412099592e-05
DB00515,1.5628661396591998e-05
DB00642,1.5605736784318815e-05
DB00360,1.552961973125997e-05
DB02546,1.5483346163624713e-05
DB09568,1.545415376757651e-05
DB09079,1.5364752336035122e-05
DB01179,1.4924506011184837e-05
gentamycin,1.4800348039836264e-05
DB03793,1.4666530506870953e-05
DB00039,1.4241498875017181e-05
DB00181,1.408835954739742e-05
DB08908,1.3972181281177011e-05
DB00993,1.3780805739502959e-05
DB00909,1.3647736195466581e-05
DB11748,1.3530795045707967e-05
DB00968,1.3227315791038405e-05
DB00541,1.3175717851254164e-05
DB00133,1.3155537628937058e-05
DB09401,1.3089836370767468e-05
melevodopa,1.3004101196553268e-05
DB00190,1.3004101196553268e-05
DB12783,1.3004101196553268e-05
DB13165,1.2524576475169745e-05
DB08888,1.2470116049970161e-05
DB01115,1.2366497880398496e-05
DB00480,1.2320154791852927e-05
DB09292,1.2241859479131308e-05
DB11696,1.2241859479131308e-05
DB00615,1.2225325776273568e-05
DB11994,1.2219906450249709e-05
DB11699,1.2131519230826007e-05
DB00491,1.1946727944362631e-05
DB00123,1.1563557028863982e-05
DB00819,1.1536805241824977e-05
DB00668,1.1265022356332991e-05
DB09085,1.098468500789469e-05
DB01296,1.0800532480077373e-05
DB00159,1.0798361759439842e-05
DB01033,1.0718891637940063e-05
DB00364,1.0430997309642097e-05
DB09140,1.0354413279510018e-05
DB00806,1.0253266356183305e-05
DB01041,1.0110526147841106e-05
DB00020,9.992954124774236e-06
DB09121,9.982895489223694e-06
DB00903,9.950024147278211e-06
DB01094,9.920543889876628e-06
DB00115,9.833915527631321e-06
DB00075,9.568472123474742e-06
DB01065,9.526163445379548e-06
DB05541,9.504086755335435e-06
DB02772,9.418821842411835e-06
DB00643,9.399656876015395e-06
DB08872,9.275773323749202e-06
DB00230,9.275773323749202e-06
DB04951,9.21300556787993e-06
DB00013,9.197672034639926e-06
DB00279,8.808597764890552e-06
DB01133,8.61344969653358e-06
DB06589,8.575841401288236e-06
DB00048,8.561041333411098e-06
DB00091,8.480955736061478e-06
DB00822,8.479576793494538e-06
DB11582,8.353104632874101e-06
DB06809,8.259854789173334e-06
DB00765,8.247040320428095e-06
DB00691,8.181907509790897e-06
DB00722,8.181907509790897e-06
DB00787,8.147404411363547e-06
DB05676,8.044638338087661e-06
DB05260,8.042280229706031e-06
DB08873,8.013885668877988e-06
DB00716,7.961337508552025e-06
DB00973,7.946874488731157e-06
DB03085,7.861970954538008e-06
DB00836,7.85430144220606e-06
DB09131,7.678148656471102e-06
DB00970,7.6288315908695625e-06
DB09033,7.530974772295032e-06
DB09517,7.479016368077366e-06
DB00481,7.436694762897857e-06
DB01023,7.426901494083968e-06
DB00421,7.422818241316231e-06
DB00398,7.42070180522543e-06
DB03754,7.368534318787394e-06
DB05679,7.363688050962572e-06
DB06626,7.355093906912626e-06
DB00459,7.164548120858034e-06
DB00117,7.135612791714565e-06
DB14006,7.132498353817259e-06
DB00122,7.132498353817259e-06
DB06201,7.129976089271738e-06
DB00605,7.067450101323757e-06
DB00108,7.052198931307e-06
DB00125,6.975615909318547e-06
L-Arginine,6.975615909318547e-06
DB00975,6.91799897494226e-06
DB00368,6.90799525112091e-06
DB00254,6.898172882977062e-06
DB08910,6.871313937616108e-06
DB04552,6.7786387410448746e-06
DB00132,6.772532546285878e-06
DB00448,6.597432912388159e-06
DB01016,6.486036351325698e-06
DB01244,6.446992873128126e-06
DB00328,6.436809434608626e-06
DB00200,6.4141561070043746e-06
DB06262,6.413026991861977e-06
DB00877,6.382643795819068e-06
DB00147,6.3004635568269706e-06
DB00988,6.253979591437458e-06
DB00477,6.195285706637148e-06
DB00637,6.150617888955348e-06
DB00608,6.144631306578406e-06
DB09119,6.112266242384298e-06
DB01268,6.050149200880124e-06
DB01183,6.04624880427871e-06
DB01392,6.036026978828997e-06
DB09074,5.992428500548711e-06
DB06775,5.967851291687963e-06
DB01050,5.950634597153691e-06
DB11817,5.948737060202493e-06
DB09089,5.9456669208172e-06
DB06720,5.894718117531497e-06
DB04967,5.812584735956243e-06
DB01199,5.7758010504840065e-06
DB09302,5.67055561562506e-06
DB08912,5.626353157546041e-06
DB09078,5.620521262400238e-06
DB00831,5.592663975424571e-06
DB00017,5.557765392876682e-06
DB09270,5.522200127619344e-06
DB08911,5.465190424411451e-06
DB00808,5.45938410811617e-06
DB01250,5.42959353407023e-06
DB01083,5.341036190813319e-06
DB06803,5.082986106025171e-06
DB11571,5.0800282981364346e-06
DB11572,5.0800282981364346e-06
DB00290,5.050093629962382e-06
DB00761,5.033825499115875e-06
DB00054,5.0227157290427345e-06
DB00472,5.018936024658505e-06
DB01411,5.010876869989908e-06
DB00887,4.96430124936531e-06
DB08868,4.950548288451474e-06
DB00995,4.91232545719098e-06
DB09213,4.91232099141408e-06
DB00768,4.9001357754593245e-06
DB00921,4.898496067973561e-06
DB09069,4.786005245357622e-06
DB01097,4.770448782680441e-06
DB01197,4.73586584821118e-06
DB00655,4.723364697973535e-06
DB06372,4.7215873592809306e-06
DB00686,4.71257063980337e-06
DB01277,4.651710463750931e-06
DB01108,4.596900585197711e-06
DB00182,4.593631151329642e-06
DB00627,4.580418336234641e-06
DB00851,4.559820124367734e-06
DB00544,4.553290028582964e-06
DB01029,4.5406063728769764e-06
DB04941,4.512661614128493e-06
DB00158,4.480696834782318e-06
DB01100,4.412116258121209e-06
DB00977,4.389887719533543e-06
DB06202,4.3809598088737034e-06
DB13345,4.3618797967963165e-06
DB01049,4.3618797967963165e-06
DB00024,4.325556316879478e-06
DB00042,4.322658741318444e-06
DB00334,4.275730886273881e-06
DB09109,4.252404046812938e-06
estropipate,4.145259969580213e-06
DB00947,4.145259969580213e-06
DB06401,4.145259969580213e-06
DB04938,4.145259969580213e-06
DB01234,4.138936575742853e-06
DB09283,4.12124295835822e-06
DB00622,4.0824436629112654e-06
DB00586,4.081417584996278e-06
DB00244,4.072659978580722e-06
DB00503,4.055465495075351e-06
DB00997,4.012599045788383e-06
icatibant-acetate,4.005647197868968e-06
DB06196,4.005647197868968e-06
DB00623,3.994007132340153e-06
DB00363,3.9572184085639264e-06
DB01092,3.937149168171285e-06
DB00284,3.923359622964645e-06
DB04743,3.916107065590535e-06
DB09053,3.913177875139773e-06
DB00396,3.906057607134153e-06
DB11595,3.905577134647669e-06
DB00543,3.901181220579765e-06
DB04868,3.883073629561449e-06
fludarabine-phosphate,3.880390321566508e-06
DB12598,3.858670167766429e-06
DB08895,3.8010398344408866e-06
DB08877,3.8010398344408866e-06
DB11273,3.795026787248899e-06
DB00640,3.751419507705767e-06
DB00403,3.7440283459950743e-06
DB00555,3.7342916107957754e-06
DB00393,3.7310155041894705e-06
DB01032,3.7063134894737194e-06
DB04841,3.7018129159077637e-06
DB00337,3.6802457847896117e-06
DB00850,3.677552986697803e-06
DB00759,3.648073952219298e-06
DB00925,3.647203850686048e-06
DB00641,3.6139891100704144e-06
DB00040,3.5981474728953534e-06
DB00707,3.5736156151490164e-06
thiostrepton,3.5669690350342294e-06
DB00553,3.559837023207226e-06
DB00370,3.55097221725086e-06
DB00083,3.534644016833919e-06
DB00029,3.5304415654710397e-06
DB00015,3.5304415654710397e-06
DB00009,3.5304415654710397e-06
DB09054,3.5296793257032298e-06
DB12483,3.5296793257032298e-06
DB00099,3.498716180610284e-06
DB01285,3.480800804438035e-06
DB01069,3.4740118740339493e-06
DB09304,3.467941541823146e-06
DB00527,3.425829000011709e-06
DB09241,3.419190453213892e-06
DB01045,3.4128538229249146e-06
DB01611,3.3844395082038816e-06
DB01088,3.3820750299192295e-06
DB01429,3.375312520854105e-06
DB00408,3.3459795819215432e-06
DB05266,3.3443622566836416e-06
DB06813,3.3163660693308246e-06
DB00440,3.3163660693308246e-06
DB00452,3.2802087426237094e-06
DB00531,3.2777321795098375e-06
DB00916,3.2748660547704837e-06
DB06819,3.273854770930862e-06
DB00908,3.262892735147116e-06
DB13933,3.2417342814341645e-06
DB01118,3.2384533172417347e-06
DB01073,3.1967815541308232e-06
DB05016,3.1598837110529335e-06
DB00038,3.1286290093481747e-06
DB01224,3.1020888617017063e-06
DB00246,3.088603493891762e-06
DB05239,3.0871692244921766e-06
DB12159,3.0662813876370536e-06
DB04895,3.047002222877264e-06
DB00266,3.006777994707376e-06
DB00446,2.985990304707557e-06
DB00028,2.972799929455281e-06
DB00631,2.9694751378841106e-06
DB12863,2.9660885892172532e-06
DB00726,2.947480472406164e-06
DB01599,2.937971353428807e-06
DB00724,2.924116998781589e-06
DB00127,2.9178206257506965e-06
DB01238,2.9091473370381837e-06
hydrocortisone-phosphate,2.891340707547667e-06
DB01025,2.88093996263958e-06
DB01744,2.876506738410084e-06
DB00441,2.8678457825368878e-06
DB13873,2.8582979218158183e-06
DB05829,2.848628097393792e-06
DB09288,2.844614969469909e-06
DB01077,2.8429327722879927e-06
DB12095,2.840733679338018e-06
DB00150,2.817218775508426e-06
DB00987,2.815288869288306e-06
DB00661,2.8078813355180907e-06
DB08814,2.7723478429835914e-06
DB06204,2.7613642993670754e-06
DB09067,2.76062136167071e-06
DB06643,2.7576220539699035e-06
DB00523,2.753353898912801e-06
DB00626,2.749420957235858e-06
DB00834,2.747107352485888e-06
DB00086,2.730692390885642e-06
DB00798,2.716776397653866e-06
DB00412,2.6926874210283706e-06
DB01181,2.6914718632342504e-06
DB00207,2.6448138373212734e-06
DB08839,2.6281778081601236e-06
DB01240,2.6059614800076455e-06
DB09258,2.5830129677479028e-06
DB08875,2.5740520800117876e-06
DB00458,2.573871108544577e-06
DB04866,2.55793393784368e-06
DB01406,2.5522481387427812e-06
DB00741,2.5258879384168083e-06
DB01404,2.5171826971346757e-06
DB09228,2.5137933833951144e-06
DB00343,2.513721828953527e-06
DB00102,2.4908470194204006e-06
DB06287,2.4901046329226996e-06
DB01590,2.4901046329226996e-06
DB08885,2.4563628788217004e-06
DB00288,2.4462070755420553e-06
DB00569,2.4457231900679873e-06
DB01225,2.4457231900679873e-06
DB06155,2.4414791897649974e-06
DB08822,2.428353981017899e-06
DB00796,2.428353981017899e-06
DB01349,2.428353981017899e-06
DB01235,2.424128925377409e-06
DB09040,2.4187601699216746e-06
DB01167,2.4187601699216746e-06
DB00196,2.4187601699216746e-06
DB00770,2.4161318313649645e-06
cyclosporin-a,2.405198751119548e-06
DB00540,2.3908741970345134e-06
DB00904,2.380130903081366e-06
DB00047,2.3654848137427915e-06
DB00046,2.3654848137427915e-06
DB00316,2.331964031235995e-06
tannic-acid,2.3090011098984063e-06
DB06777,2.303114797883342e-06
DB00204,2.296232177069459e-06
DB11824,2.2911564492968504e-06
DB11363,2.280015957597186e-06
DB00308,2.279570415640853e-06
DB00004,2.2697772699216865e-06
DB00041,2.2697772699216865e-06
DB00905,2.24965628510465e-06
DB00033,2.246038386536055e-06
DB00509,2.243717433978048e-06
DB00657,2.2237122979058806e-06
ethanolamine-oleate,2.222134977970637e-06
DB01132,2.2189438888826363e-06
DB01327,2.2136888758803832e-06
DB00112,2.2103836394372643e-06
DB00451,2.2038257076844676e-06
DB09280,2.2036605042300864e-06
DB11712,2.2036605042300864e-06
DB08820,2.2036605042300864e-06
sodium-tetradecyl-sulfate,2.2012524867089897e-06
DB00464,2.2012524867089897e-06
DB09030,2.1966406830628432e-06
DB01138,2.180974195882864e-06
DB11157,2.176255476322789e-06
DB08871,2.162884641982535e-06
DB01393,2.1500955773446928e-06
DB11166,2.141841913495834e-06
DB00813,2.1081861329417084e-06
DB00790,2.093912568394945e-06
DB00331,2.080656256815153e-06
DB01024,2.076125408058819e-06
DB00352,2.076125408058819e-06
DB00688,2.076125408058819e-06
DB01009,2.0756285357697716e-06
DB06688,2.074037784266933e-06
DB01275,2.057475321490467e-06
DB00825,2.0427904707109826e-06
DB00338,2.0327398984474593e-06
DB00914,2.028169977359714e-06
DB01267,2.02629329495422e-06
DB09099,2.0171714110983207e-06
DB01026,2.0073992383848575e-06
DB00920,1.9941295366573303e-06
DB06148,1.990604420569242e-06
DB00951,1.9845483211777063e-06
DB05389,1.981900333836185e-06
DB01586,1.9757750558614355e-06
DB09068,1.9658805449051947e-06
DB01407,1.964224815748623e-06
DB06216,1.9544851673091257e-06
DB00445,1.949296077623589e-06
DB04855,1.934136917966893e-06
DB00250,1.9176506297795827e-06
DB01157,1.9176506297795827e-06
DB00563,1.9176506297795827e-06
DB01034,1.9174833848419915e-06
DB00339,1.9174833848419915e-06
DB00233,1.9062882762184723e-06
DB00648,1.9012325121046485e-06
DB00497,1.89401274322032e-06
DB11629,1.8706568084236786e-06
DB00573,1.8430126177397282e-06
DB00248,1.8393447349653198e-06
DB00051,1.8382477349453565e-06
DB09006,1.8366993275668325e-06
DB00199,1.831178733356648e-06
DB06285,1.826693993551427e-06
DB00356,1.820256058012301e-06
DB00493,1.8123301414523331e-06
DB06594,1.8055071710654195e-06
DB01082,1.7996339521283456e-06
DB01271,1.7956822724256043e-06
DB01279,1.7956822724256043e-06
DB00210,1.7712800107453926e-06
DB00929,1.761782498604503e-06
DB00276,1.7569912790993723e-06
DB04953,1.7523729781821656e-06
DB00501,1.7492723645513276e-06
DB08881,1.7393634362917575e-06
DB01119,1.7169587223467537e-06
DB00714,1.699788862753725e-06
DB00092,1.6980976679412637e-06
DB09331,1.6884262721851625e-06
DB00696,1.6879218890280394e-06
DB06217,1.6868660048671002e-06
DB01120,1.6797740785508306e-06
DB01270,1.6536920284358127e-06
DB05521,1.6460072367096277e-06
DB06211,1.6398144477822857e-06
DB01597,1.6398144477822857e-06
DB01003,1.6345405922298562e-06
DB00734,1.6302633185547143e-06
DB00784,1.6263784004571894e-06
DB00063,1.621301958847304e-06
DB00775,1.621301958847304e-06
DB00551,1.610143422898148e-06
DB11834,1.5852768944520531e-06
DB11131,1.5832076181424176e-06
DB11324,1.5832076181424176e-06
DB00604,1.5805254869301193e-06
DB01200,1.575000673101158e-06
DB00295,1.571725993247598e-06
DB00589,1.5661564531120295e-06
DB01367,1.5656271734400966e-06
DB01151,1.5556379540595286e-06
DB00976,1.5526839638313772e-06
DB01182,1.549574138325829e-06
DB01186,1.5491325968725917e-06
DB03619,1.5469853106989318e-06
DB01219,1.5449599138463202e-06
DB01427,1.5407432955967309e-06
DB00966,1.531090476394796e-06
DB01039,1.5185963181833311e-06
DB00413,1.5107851388481475e-06
DB00268,1.5107851388481475e-06
DB08870,1.505447432766278e-06
DB09225,1.500786117668091e-06
DB09036,1.5002021972003748e-06
DB00917,1.4919322149310773e-06
DB01176,1.4761852683183866e-06
DB01233,1.4587123021754604e-06
DB00280,1.456915392220237e-06
DB00774,1.4545497570701487e-06
DB01076,1.4536432749825519e-06
DB02530,1.4507442403710054e-06
DB01698,1.4461739556887563e-06
DB06168,1.4427969884246306e-06
DB00350,1.4420970150145878e-06
DB01142,1.4420895786426505e-06
DB01577,1.4375202139932706e-06
DB00513,1.4350220012224295e-06
DB00470,1.4332458268493497e-06
DB12364,1.4291613399196773e-06
DB01185,1.4227759431711166e-06
DB00980,1.4068571982937963e-06
DB00384,1.4048648010349498e-06
DB00432,1.398715439551242e-06
DB01101,1.398715439551242e-06
ftorafur,1.398715439551242e-06
DB09010,1.398715439551242e-06
DB00650,1.398715439551242e-06
DB00322,1.398715439551242e-06
DB12947,1.398715439551242e-06
DB04931,1.3969889937375352e-06
DB00206,1.3857425132184247e-06
DB00415,1.3808430206670187e-06
epalrestat,1.3784041648906728e-06
DB06756,1.3716305798387631e-06
DB12243,1.3716305798387631e-06
DB11581,1.3716305798387631e-06
DB00847,1.371326482431075e-06
DB01195,1.3683056220369225e-06
DB00136,1.3672564940887108e-06
DB06271,1.355364864352495e-06
DB00928,1.352623012412918e-06
DB01262,1.352623012412918e-06
DB00568,1.3495957308789182e-06
DB09286,1.3447974520966023e-06
DB00704,1.3391993920987426e-06
DB00647,1.3360450830969698e-06
DB01452,1.3360450830969698e-06
DB05777,1.3251317419432062e-06
DB00379,1.3090751784899838e-06
DB00052,1.3067193804510981e-06
DB11619,1.2993534060716833e-06
DB00309,1.2924539939573247e-06
DB00374,1.2919708067326414e-06
DB09290,1.2881415168182517e-06
DB00757,1.2881415168182517e-06
DB00377,1.2881415168182517e-06
DB00889,1.2881415168182517e-06
DB00969,1.2881415168182517e-06
DB00499,1.2848762606798016e-06
DB00065,1.26277390688029e-06
DB08904,1.26277390688029e-06
DB06674,1.26277390688029e-06
DB11136,1.2603210273081228e-06
DB00327,1.2597311850957034e-06
DB00318,1.2597311850957034e-06
DB00611,1.2597311850957034e-06
DB00854,1.2597311850957034e-06
DB00844,1.2597311850957034e-06
DB09272,1.2597311850957034e-06
DB11130,1.2597311850957034e-06
DB06230,1.2597311850957034e-06
butorphanol-(+)-tartrate,1.2597311850957034e-06
DB06800,1.2597311850957034e-06
DB01201,1.2527404802333254e-06
DB09343,1.2432847872781823e-06
DB01074,1.2383561223099744e-06
DB00097,1.2350936315284869e-06
DB00032,1.2350936315284869e-06
DB06605,1.227648103395408e-06
DB06228,1.227648103395408e-06
DB09075,1.227648103395408e-06
DB00799,1.2204935195963833e-06
DB06754,1.2180750866725796e-06
DB11598,1.2180750866725796e-06
DB00607,1.209950677104547e-06
DB00227,1.193069560499827e-06
DB00999,1.1918519986870622e-06
DB00864,1.1901411518669119e-06
zotarolimus,1.1901411518669119e-06
DB01241,1.1895669646293891e-06
spiperone,1.1786711972804366e-06
DB09034,1.1771905968408328e-06
DB00697,1.167576182984969e-06
DB00588,1.1657501696411143e-06
DB11767,1.1589690357022014e-06
DB01035,1.1565696909505904e-06
adiphenine,1.1541382461483823e-06
DB00652,1.149912140754984e-06
DB01104,1.1443710302895867e-06
DB00636,1.141511316788178e-06
DB01242,1.1405710541318658e-06
DB00805,1.1389103687940315e-06
DB00922,1.1269001944432426e-06
DB01403,1.1190713402767564e-06
DB01223,1.1179616851151458e-06
DB03255,1.1125275214184537e-06
DB00876,1.1124513764077548e-06
DB00275,1.1124513764077548e-06
DB09279,1.1124513764077548e-06
DB00177,1.1124513764077548e-06
DB00678,1.1124513764077548e-06
DB13919,1.1124513764077548e-06
DB01303,1.1121427179464208e-06
DB00399,1.1086759469358916e-06
minodronic-acid,1.1086759469358916e-06
DB01030,1.1027334404365299e-06
DB00762,1.1027334404365299e-06
DB06713,1.0970341144304817e-06
DB00695,1.0836868001424746e-06
DB00939,1.080824344784046e-06
DB00320,1.0775631854505343e-06
DB00883,1.0764126327839337e-06
DB00436,1.073654621024261e-06
DB01209,1.0704439337519448e-06
DB09091,1.0699518720991082e-06
DB00010,1.0668643155475335e-06
DB08869,1.0668643155475335e-06
DB00247,1.0594905367787805e-06
DB00435,1.0575789482410316e-06
DB00564,1.0561032400494066e-06
DB09046,1.0449825619419164e-06
DB00982,1.04271443764617e-06
DB01265,1.0424676212281307e-06
DB06153,1.0420994334187092e-06
DB01060,1.042024277522274e-06
DB06243,1.0361645690435085e-06
DB01192,1.035801132010202e-06
DB01081,1.035801132010202e-06
DB00956,1.035801132010202e-06
DB00818,1.0312674854439987e-06
DB00087,1.0286186707894872e-06
DB00367,1.0171581502044727e-06
DB00812,1.0128342139513694e-06
DB00857,1.0126555845324596e-06
DB00381,1.0110121060258813e-06
DB06692,1.0092359590645898e-06
DB00297,1.0090503398989423e-06
DB01212,1.008554525903258e-06
SN-38,1.0037045838297222e-06
DB05630,1.0037045838297222e-06
DB01067,9.855409317378123e-07
DB00731,9.855409317378123e-07
DB08995,9.816651794602672e-07
DB00056,9.749324061363024e-07
DB01149,9.700208821228509e-07
DB00026,9.697753328373985e-07
DB00082,9.56494361286977e-07
DB05990,9.556427271659415e-07
DB09035,9.497491661707815e-07
DB09037,9.497491661707815e-07
DB05351,9.491443761894909e-07
omeprazole-magnesium,9.491443761894909e-07
DB00152,9.459565823854444e-07
DB09371,9.317634218680513e-07
thiram,9.269713706447072e-07
DB00270,9.261019854482564e-07
DB00001,9.14193810100426e-07
dabigatran,9.14193810100426e-07
DB06695,9.14193810100426e-07
DB00006,9.14193810100426e-07
dabigatran-etexilate,9.14193810100426e-07
DB04898,9.14193810100426e-07
DB01020,9.042838455944202e-07
DB08931,9.042838455944202e-07
DB01239,8.974229835118268e-07
DB00504,8.965528562304969e-07
DB00651,8.95275463752038e-07
DB04115,8.907742539594918e-07
DB01309,8.907437475638833e-07
DB01306,8.907437475638833e-07
DB01307,8.907437475638833e-07
DB09564,8.907437475638833e-07
DB11560,8.739229974503062e-07
DB06273,8.664574566888499e-07
DB00428,8.641909477135582e-07
DB00656,8.630079634803472e-07
DB04894,8.619962401838704e-07
revaprazan,8.597359447730206e-07
DB00736,8.597359447730206e-07
DB00213,8.597359447730206e-07
DB01129,8.597359447730206e-07
DB00545,8.59174302694876e-07
DB00252,8.564434412268689e-07
DB00552,8.560911497067944e-07
DB00747,8.542715810140302e-07
DB00066,8.531945238838316e-07
DB00094,8.531945238838316e-07
DB00216,8.499594865740619e-07
DB11635,8.484549478460048e-07
DB14061,8.484549478460048e-07
DB00178,8.478360773302176e-07
DB09477,8.478360773302176e-07
DB09049,8.465138806664434e-07
DB04942,8.453780632826132e-07
DB00829,8.416226211078595e-07
DB00420,8.392024594621209e-07
DB01140,8.353259251395422e-07
DB00548,8.321478781519421e-07
azelaic-acid,8.321478781519421e-07
DB06264,8.318411421879944e-07
DB01089,8.269336957135765e-07
DB00936,8.260512648269697e-07
DB12478,8.203608058685705e-07
DB08604,8.178153218262475e-07
DB00960,8.177896939999639e-07
DB09273,8.172236003680057e-07
DB01068,8.169432021218044e-07
DB04665,8.11258117308672e-07
DB01280,8.075168222801209e-07
DB00095,7.997511216214645e-07
DB04899,7.875832592159016e-07
DB05578,7.871411475163588e-07
DB00881,7.842078612128022e-07
DB00584,7.842078612128022e-07
quinaprilat,7.842078612128022e-07
DB00492,7.842078612128022e-07
DB00519,7.842078612128022e-07
DB01348,7.842078612128022e-07
DB08836,7.842078612128022e-07
DB11783,7.842078612128022e-07
DB01340,7.842078612128022e-07
DB00542,7.842078612128022e-07
DB13169,7.765316715594662e-07
DB00402,7.735319802151201e-07
DB00186,7.735319802151201e-07
DB05812,7.586734011405428e-07
telotristat-ethyl,7.575943428886336e-07
DB09166,7.502443776569899e-07
DB00777,7.445995409864931e-07
DB08811,7.429915117870622e-07
DB04946,7.422292742912746e-07
DB00841,7.376527994728534e-07
DB01595,7.353310415831867e-07
fenigam,7.334104527484293e-07
DB00957,7.305468938214063e-07
DB01099,7.276848895257318e-07
DB06663,7.243265859042651e-07
DB00104,7.243265859042651e-07
DB06290,7.243186998121527e-07
DB00311,7.23806737007375e-07
DB01252,7.220888773675994e-07
DB09167,7.208065672331193e-07
DB01216,7.19851359647639e-07
DB00191,7.193373602492012e-07
DB09064,7.182460920341643e-07
DB08983,7.182460920341643e-07
DB04519,7.182460920341643e-07
ACT-132577,7.140201616125347e-07
DB06268,7.140201616125347e-07
DB08932,7.140201616125347e-07
DB06403,7.140201616125347e-07
DB00559,7.140201616125347e-07
DB01005,7.109179432615676e-07
DB00912,7.081732044722718e-07
DB00934,7.074193780612712e-07
DB00677,7.035319893810463e-07
DB01047,7.027952525209454e-07
DB00397,6.983431015411373e-07
DB00624,6.979267734845258e-07
DB13943,6.979267734845258e-07
DB00307,6.932502526251891e-07
DB00043,6.861234866887675e-07
DB00235,6.792616062980104e-07
DB00533,6.786271719228851e-07
DB06412,6.782070527650393e-07
DB06710,6.777982503432252e-07
DB01588,6.728192046859775e-07
DB00897,6.728192046859775e-07
DB00683,6.728192046859775e-07
DB00231,6.728192046859775e-07
DB01589,6.728192046859775e-07
DB00690,6.728192046859775e-07
DB01558,6.728192046859775e-07
DB00842,6.728192046859775e-07
DB00801,6.728192046859775e-07
DB01215,6.728192046859775e-07
DB01436,6.636250242676489e-07
DB01624,6.632448014783955e-07
DB08867,6.625799889497197e-07
DB00669,6.608405640071571e-07
DB00292,6.550768537328735e-07
DB09029,6.546368245207439e-07
DB00078,6.540909795794647e-07
DB00073,6.540909795794647e-07
DB05271,6.537271090034471e-07
DB06655,6.468151181835081e-07
DB09265,6.468151181835081e-07
DB09045,6.468151181835081e-07
DB01276,6.468151181835081e-07
DB13928,6.468151181835081e-07
DB09043,6.468151181835081e-07
DB00546,6.457417657024888e-07
DB00839,6.390269203901384e-07
DB00414,6.390269203901384e-07
DB09039,6.37900279546896e-07
DB00419,6.37900279546896e-07
DB01090,6.364674065936754e-07
DB00081,6.353087625158503e-07
DB00315,6.349724877785911e-07
DB00952,6.349724877785911e-07
DB00953,6.349724877785911e-07
DB00475,6.342318018285534e-07
DB01107,6.342318018285534e-07
DB00371,6.342318018285534e-07
DB01437,6.342318018285534e-07
DB00189,6.342318018285534e-07
DB00628,6.342318018285534e-07
DB00349,6.342318018285534e-07
DB00404,6.342318018285534e-07
DB00635,6.339600062739106e-07
fludrocortisone-acetate,6.299598686128393e-07
DB00687,6.299598686128393e-07
DB00935,6.285329755028908e-07
DB08879,6.255781336524822e-07
DB12836,6.224536937576059e-07
DB00800,6.21551724523673e-07
DB00539,6.192149190770201e-07
DB00882,6.192149190770201e-07
DB00890,6.192149190770201e-07
sodium-salicylate,6.154442136349664e-07
chlorogenic-acid,6.132654883632886e-07
DB00773,6.128883363459621e-07
DB00380,6.128883363459621e-07
DB00444,6.128883363459621e-07
DB00694,6.128883363459621e-07
DB04844,6.072286783166305e-07
DB00572,6.06133767838888e-07
DB04572,6.039107424072153e-07
DB09282,6.025741786312957e-07
DB09229,6.015552620093879e-07
DB05099,5.988349086608376e-07
DB06717,5.98639100082939e-07
maropitant,5.98639100082939e-07
DB00673,5.98639100082939e-07
DB09048,5.98639100082939e-07
DB00679,5.980751853588594e-07
tebipenem,5.965886154451313e-07
DB00300,5.938807301700086e-07
DB00837,5.90902391479257e-07
DB00682,5.891522500247267e-07
DB04854,5.883545738164902e-07
DB00437,5.883545738164902e-07
DB01685,5.883545738164902e-07
DB00981,5.878281594946128e-07
DB00212,5.872233020037258e-07
DB09026,5.872233020037258e-07
DB01431,5.81508010976445e-07
DB00262,5.813684366752316e-07
DB00875,5.81146748224994e-07
DB04106,5.807996606975407e-07
DB00574,5.781061296252026e-07
DB06689,5.778388062232993e-07
DB00672,5.669018317507711e-07
DB07477,5.668572868134568e-07
DB01063,5.658818350085142e-07
DB06016,5.657037665248198e-07
DB06786,5.653425562297491e-07
DB06144,5.616521638111296e-07
DB01014,5.580585144031853e-07
DB00110,5.566916110014518e-07
DB01365,5.55393657080101e-07
DB00401,5.552328205973818e-07
DB04878,5.542272268667216e-07
DB05246,5.487781427850365e-07
DB00617,5.487781427850365e-07
DB00593,5.487781427850365e-07
DB00347,5.487781427850365e-07
DB00832,5.487781427850365e-07
DB11059,5.47571127667598e-07
DB00946,5.457410281180424e-07
DB01418,5.457410281180424e-07
DB00498,5.457410281180424e-07
DB00208,5.448281781867373e-07
DB00758,5.448281781867373e-07
DB08816,5.448281781867373e-07
DB06441,5.448281781867373e-07
DB06209,5.448281781867373e-07
DB08827,5.429650063182933e-07
DB00754,5.429637716102192e-07
DB00508,5.407465422633542e-07
DB00302,5.340517078227987e-07
DB00571,5.300721297293899e-07
DB08807,5.300721297293899e-07
DB00476,5.292249392411313e-07
DB00449,5.261685024126021e-07
DB00710,5.248765360166669e-07
neridronic-acid,5.248765360166669e-07
DB00282,5.248765360166669e-07
DB00884,5.248765360166669e-07
DB01359,5.17547475576904e-07
DB04846,5.170461990556567e-07
DB00853,5.147580998266581e-07
DB00433,5.101987232179187e-07
DB04842,5.082954450447703e-07
DB08922,5.074832424751139e-07
DB01124,5.056438068448481e-07
DB00203,5.004445084889469e-07
DB09108,4.998951752973864e-07
DB00776,4.995525497035347e-07
DB06218,4.995525497035347e-07
DB00532,4.995525497035347e-07
DB01121,4.995525497035347e-07
DB01622,4.92094234421615e-07
DB01164,4.914450706144651e-07
phosphatidylcholine,4.846863882637142e-07
DB00489,4.828201869423035e-07
DB00561,4.797795785163016e-07
DB00906,4.792077491770961e-07
DB00653,4.784850791685698e-07
DB00547,4.780265170899588e-07
DB01130,4.780265170899588e-07
DB01013,4.780265170899588e-07
DB00663,4.780265170899588e-07
DB01260,4.780265170899588e-07
DB00537,4.755603302760359e-07
DB00824,4.715280502122282e-07
DB08815,4.7119995001471446e-07
DB00304,4.7074703450855624e-07
DB00823,4.7074703450855624e-07
DB00603,4.7074703450855624e-07
DB11362,4.705937177542909e-07
DB00738,4.6942726242000193e-07
DB00457,4.668312073781341e-07
DB06684,4.666773395456262e-07
DB00862,4.622536593919612e-07
levocarnitine-propionate,4.6025762545477483e-07
DB06317,4.6003033914277236e-07
DB11274,4.573391805007908e-07
DB08890,4.573049553850525e-07
DB01621,4.5374677639717073e-07
DB09244,4.530482525336487e-07
DB01281,4.511615793491597e-07
DB01251,4.4743439110080843e-07
DB01156,4.434102100263694e-07
DB11614,4.430059853552924e-07
DB00749,4.3434294319689296e-07
DB00450,4.3041956149348945e-07
DB09418,4.257280034989771e-07
DB06439,4.2326522475401363e-07
DB01015,4.2222719232382966e-07
DB09198,4.1863909998704115e-07
DB00107,4.1834154791618204e-07
DB01357,4.179983910303751e-07
DB00286,4.179983910303751e-07
DB09070,4.179983910303751e-07
DB04575,4.179983910303751e-07
sodium-oxybate,4.1616305287496576e-07
DB00372,4.15595804742291e-07
DB00323,4.0942362607287167e-07
DB11632,4.0942362607287167e-07
DB00494,4.0942362607287167e-07
DB13036,4.089022381671131e-07
DB01079,4.0788495320942444e-07
DB01440,4.0783754390931254e-07
DB02901,4.0453528121620016e-07
DB12319,4.044384981561769e-07
DB08992,4.028344780376978e-07
DB00764,4.027801296368698e-07
megestrol-acetate,4.027801296368698e-07
DB00351,4.027801296368698e-07
DB01168,3.996434712127884e-07
psoralen,3.996434712127884e-07
DB01247,3.996434712127884e-07
DB01171,3.996434712127884e-07
DB00601,3.996434712127884e-07
bifemelane,3.996434712127884e-07
DB01626,3.996434712127884e-07
DB09245,3.996434712127884e-07
DB01037,3.996434712127884e-07
DB06719,3.994576056895987e-07
DB00014,3.994576056895987e-07
DB04871,3.9864997277162324e-07
DB12163,3.9864997277162324e-07
haloperidol-decanoate,3.9801291972974933e-07
DB09389,3.9794323112745267e-07
DB12023,3.962105364231962e-07
DB00425,3.934193096309466e-07
DB01623,3.9281154601467223e-07
DB00715,3.8812165000261803e-07
DB01364,3.8617897213805156e-07
DB06152,3.858909450757241e-07
DB03128,3.8291215732066705e-07
DB00860,3.824094390503266e-07
DB09126,3.818991076446552e-07
DB00044,3.818991076446552e-07
DB00176,3.809693933778486e-07
DB00243,3.7792647818732084e-07
DB11757,3.7717318227422087e-07
DB06213,3.7717318227422087e-07
DB01211,3.70142055263399e-07
DB01175,3.6695952078002973e-07
DB01206,3.6375343999073933e-07
DB09146,3.629172249495055e-07
DB09097,3.6273626202516304e-07
DB00579,3.6241972353718696e-07
DB01410,3.622809159090259e-07
DB00620,3.622809159090259e-07
fluocinolone-acetonide,3.622809159090259e-07
DB00846,3.622809159090259e-07
DB00896,3.622809159090259e-07
DB00222,3.6165919312459787e-07
DB00866,3.598606521222296e-07
strontium-ranelate,3.5220302246042243e-07
DB12865,3.5220302246042243e-07
DB01012,3.5220302246042243e-07
DB00994,3.5220302246042243e-07
DB00394,3.5003148615868856e-07
DB00591,3.5003148615868856e-07
DB00180,3.5003148615868856e-07
dexamethasone-sodium-phosphate,3.5003148615868856e-07
hydrocortisone-butyrate,3.5003148615868856e-07
DB00838,3.5003148615868856e-07
methylprednisolone-aceponate,3.5003148615868856e-07
DB01380,3.5003148615868856e-07
DB00223,3.5003148615868856e-07
DB00443,3.5003148615868856e-07
DB00959,3.5003148615868856e-07
DB08906,3.5003148615868856e-07
prednisolone-sodium-phosphate,3.5003148615868856e-07
DB00596,3.5003148615868856e-07
cortisone,3.5003148615868856e-07
prednisolone-acetate,3.5003148615868856e-07
DB00324,3.5003148615868856e-07
DB00240,3.5003148615868856e-07
clobetasone-butyrate,3.5003148615868856e-07
DB00873,3.5003148615868856e-07
DB01222,3.5003148615868856e-07
DB00253,3.5003148615868856e-07
DB01053,3.4969394784714785e-07
DB01412,3.4804541567359045e-07
DB06219,3.45047998663753e-07
DB00215,3.4218639966247107e-07
DB09143,3.405143366119195e-07
DB08828,3.405143366119195e-07
DB04920,3.39993209499807e-07
DB00713,3.3935751761507153e-07
DB00865,3.3320385718297543e-07
DB09220,3.3285024008810534e-07
DB01395,3.3267702593233186e-07
DB01021,3.2966255555643167e-07
DB01207,3.261702381123152e-07
DB01114,3.247877062056237e-07
DB00998,3.220675620439702e-07
DB00417,3.200675137054472e-07
DB01105,3.196938890364128e-07
DB06701,3.196938890364128e-07
DB00422,3.196938890364128e-07
DB00285,3.196938890364128e-07
DB06700,3.196938890364128e-07
DB00598,3.196544084424784e-07
DB00848,3.1639449780904166e-07
nemonapride,3.163771665799522e-07
DB01295,3.137135921817743e-07
DB00434,3.1370013826896703e-07
DB00395,3.131917544144699e-07
DB09123,3.125485027910312e-07
DB00751,3.1109371466821343e-07
DB04932,3.0606975781442674e-07
DB12831,3.034770422369671e-07
DB01011,3.028899650436791e-07
DB00342,2.996013530931807e-07
DB06288,2.974042783578163e-07
DB01198,2.951179375895177e-07
DB08986,2.951179375895177e-07
DB00016,2.9473271322144754e-07
DB00012,2.9473271322144754e-07
DB08894,2.9473271322144754e-07
DB09107,2.9473271322144754e-07
DB01102,2.938316045705202e-07
DB00938,2.938316045705202e-07
DB01210,2.938316045705202e-07
DB00871,2.938316045705202e-07
DB00983,2.938316045705202e-07
DB01580,2.938316045705202e-07
DB01203,2.938316045705202e-07
DB01288,2.938316045705202e-07
DB08808,2.938316045705202e-07
carazolol,2.938316045705202e-07
DB08893,2.938316045705202e-07
DB01001,2.938316045705202e-07
DB01070,2.9314344484238823e-07
DB06410,2.9314344484238823e-07
DB00153,2.9314344484238823e-07
DB00146,2.9314344484238823e-07
DB00910,2.9314344484238823e-07
DB02300,2.9314344484238823e-07
falecalcitriol,2.9314344484238823e-07
DB06272,2.9314344484238823e-07
DB00169,2.9314344484238823e-07
DB13689,2.9314344484238823e-07
DB06707,2.926940893806974e-07
fluphenazine-decanoate,2.917068771026592e-07
DB01656,2.905884076834041e-07
DB01191,2.9038856535462853e-07
DB00105,2.9036513321492826e-07
DB00068,2.9036513321492826e-07
DB00022,2.9036513321492826e-07
DB00060,2.9036513321492826e-07
DB00069,2.9036513321492826e-07
DB00008,2.9036513321492826e-07
DB00034,2.9036513321492826e-07
DB12278,2.900412508069689e-07
meldonium,2.894173525731174e-07
DB09223,2.884990906831225e-07
DB09128,2.8686325123024045e-07
DB04876,2.852996534895745e-07
DB01261,2.852996534895745e-07
DB06203,2.852996534895745e-07
DB08882,2.852996534895745e-07
DB12417,2.852996534895745e-07
DB06335,2.852996534895745e-07
trelagliptin,2.852996534895745e-07
DB11950,2.852996534895745e-07
DB09014,2.850035339797161e-07
DB00962,2.82913595449325e-07
DB01214,2.813069504180342e-07
DB01291,2.813069504180342e-07
DB01193,2.813069504180342e-07
DB00264,2.813069504180342e-07
DB00195,2.813069504180342e-07
DB04861,2.813069504180342e-07
clorprenaline,2.813069504180342e-07
DB05039,2.813069504180342e-07
DB00221,2.813069504180342e-07
DB00612,2.813069504180342e-07
DB00373,2.813069504180342e-07
DB09351,2.813069504180342e-07
DB00521,2.813069504180342e-07
DB00335,2.813069504180342e-07
sodium-monofluorophosphate,2.78745778865048e-07
DB00645,2.7788804405819334e-07
DB00179,2.76774578691157e-07
DB00391,2.7549815982195515e-07
DB01618,2.747842097390809e-07
DB00218,2.7404709375176655e-07
DB04576,2.7404709375176655e-07
DB00467,2.7404709375176655e-07
DB01177,2.7404709375176655e-07
DB00685,2.7404709375176655e-07
DB01137,2.7404709375176655e-07
DB06193,2.7404709375176655e-07
DB00385,2.7404709375176655e-07
DB01165,2.7404709375176655e-07
DB01059,2.7404709375176655e-07
DB09047,2.7404709375176655e-07
DB01204,2.7404709375176655e-07
DB00978,2.7404709375176655e-07
DB01208,2.7404709375176655e-07
DB01325,2.7373852219153924e-07
DB00357,2.7344557214885273e-07
DB01408,2.730793202273337e-07
DB11085,2.7277659371468136e-07
DB12082,2.695574153425555e-07
DB09000,2.675023968772496e-07
DB09016,2.661857271725873e-07
DB06791,2.633571401009315e-07
DB00797,2.623950409583747e-07
DB09205,2.615620525095808e-07
DB06694,2.615620525095808e-07
DB00692,2.615620525095808e-07
DB00575,2.615620525095808e-07
DB01194,2.606840685002484e-07
testosterone-enanthate,2.5979985931285003e-07
DB00858,2.5979985931285003e-07
DB08804,2.5979985931285003e-07
DB08899,2.5979985931285003e-07
DB01420,2.5979985931285003e-07
DB00621,2.5979985931285003e-07
DB00665,2.5979985931285003e-07
DB06718,2.5979985931285003e-07
DB01128,2.5979985931285003e-07
DB00984,2.5979985931285003e-07
testosterone-undecanoate,2.5979985931285003e-07
etofylline,2.5889369589664607e-07
acefylline,2.5889369589664607e-07
DB01188,2.5691560262641145e-07
DB00511,2.5691560262641145e-07
DB01378,2.5691560262641145e-07
DB01396,2.5691560262641145e-07
DB13996,2.5691560262641145e-07
DB00390,2.5691560262641145e-07
DB06697,2.5691560262641145e-07
DB01158,2.5691560262641145e-07
DB01430,2.5691560262641145e-07
DB00918,2.560385144922608e-07
DB00964,2.556212362488767e-07
DB04838,2.4668760759204204e-07
DB01162,2.4361661289299756e-07
DB00590,2.4361661289299756e-07
DB09230,2.415647996882752e-07
DB00867,2.3770084222295218e-07
DB09080,2.3770084222295218e-07
DB09082,2.3770084222295218e-07
DB08941,2.3770084222295218e-07
DB12248,2.3770084222295218e-07
DB01274,2.3770084222295218e-07
DB00816,2.3770084222295218e-07
DB01366,2.3770084222295218e-07
DB08957,2.3770084222295218e-07
DB00820,2.3672081366326e-07
DB00535,2.2910764222008112e-07
DB00869,2.2818168029030284e-07
DB00703,2.2818168029030284e-07
DB01257,2.281518677507004e-07
DB01426,2.273715649005892e-07
DB00192,2.273715649005892e-07
DB01320,2.273715649005892e-07
DB01228,2.273715649005892e-07
DB00868,2.273715649005892e-07
DB00680,2.273715649005892e-07
DB01056,2.273715649005892e-07
DB06739,2.2727184421552207e-07
picotamide,2.2727184421552207e-07
DB05311,2.2544040658957506e-07
DB01243,2.2393005308550139e-07
DB00484,2.2321459448513657e-07
DB01018,2.2321459448513657e-07
DB02925,2.2203973865590062e-07
DB08961,2.2203973865590062e-07
DB01576,2.2131102470805194e-07
penfluridol,2.198549980918701e-07
DB01166,2.1885832350449965e-07
DB06711,2.1377896913422443e-07
DB00344,2.1349159745312044e-07
DB08918,2.1349159745312044e-07
DB08826,2.1259014816284596e-07
DB09090,2.1237368650094774e-07
ephedrine-(racemic),2.1087556540579985e-07
DB00175,2.084899810053329e-07
DB00067,2.0822224084206835e-07
DB09059,2.0822224084206835e-07
desmopressin-acetate,2.0822224084206835e-07
DB01184,2.0686333753332537e-07
DB00455,2.0660705369348022e-07
DB00629,2.0221737927480432e-07
DB01202,2.003604147382877e-07
DB09235,1.9809175520213833e-07
DB09526,1.9769124684072444e-07
DB00600,1.9769124684072444e-07
DB09516,1.9769124684072444e-07
DB00310,1.9680768800261742e-07
DB13500,1.941435476788438e-07
DB06654,1.939965936013333e-07
DB00933,1.938961722074947e-07
DB01113,1.9343431213288817e-07
DB01046,1.9133877421417174e-07
DB00562,1.909443305928214e-07
DB01126,1.8940595184300928e-07
DB00439,1.8667844203271026e-07
DB01095,1.8667844203271026e-07
DB01098,1.8667844203271026e-07
DB08860,1.8667844203271026e-07
DB01253,1.8640548343437915e-07
camostat-mesilate,1.8568007748278185e-07
DB00411,1.8234348801479783e-07
DB00528,1.738242391513915e-07
DB00727,1.721287871895133e-07
DB00325,1.721287871895133e-07
DB01284,1.6984091424331958e-07
DB11181,1.6930819740096686e-07
DB11656,1.6911539120916092e-07
DB11753,1.6619681945710466e-07
DB08810,1.5689978113930776e-07
DB01839,1.5614255388716652e-07
DB11995,1.5461380157050179e-07
clebopride,1.5157063210874144e-07
DB00287,1.4962472115489576e-07
DB11660,1.4962472115489576e-07
DB08819,1.4962472115489576e-07
DB00654,1.4962472115489576e-07
DB06824,1.442808443639664e-07
DB00810,1.4303327496375398e-07
DB00830,1.402377321828335e-07
DB00937,1.402377321828335e-07
DB04924,1.384036925351084e-07
DB11742,1.3553178681135496e-07
DB05265,1.3549718057809515e-07
DB01232,1.3043796964214408e-07
DB01263,1.3043796964214408e-07
DB01609,1.3043796964214408e-07
DB01333,1.3043796964214408e-07
DB01117,1.2644874390653428e-07
DB08880,1.2644874390653428e-07
DB06479,1.2472462301875287e-07
DB00245,1.2106128156316922e-07
benztropine-mesylate,1.2106128156316922e-07
DB00843,1.2094596620084097e-07
DB00990,1.1708834103382789e-07
DB01217,1.1708834103382789e-07
DB00894,1.1708834103382789e-07
DB01006,1.1708834103382789e-07
DB00035,1.1592224126735241e-07
mozavaptan,1.1592224126735241e-07
DB02638,1.1592224126735241e-07
DB12867,1.1226041905769758e-07
DB00662,1.1226041905769758e-07
DB01425,1.1226041905769758e-07
r(-)-apomorphine,1.1226041905769758e-07
DB12401,1.1226041905769758e-07
DB09018,1.1226041905769758e-07
DB01255,1.1214310784399648e-07
DB00745,1.1214310784399648e-07
DB01146,1.1129610875250326e-07
DB06716,1.0755326864370308e-07
DB06413,1.0620229158329238e-07
DB12017,9.88983938967932e-08
DB01382,9.8207138754385e-08
DB00835,9.808811656891146e-08
DB11235,9.808811656891146e-08
DB00340,9.299429939970056e-08
DB08897,9.299429939970056e-08
DB00725,9.299429939970056e-08
DB00670,9.299429939970056e-08
DB01036,9.299429939970056e-08
DB00496,9.299429939970056e-08
DB01409,9.299429939970056e-08
DB09076,9.299429939970056e-08
DB06702,9.299429939970056e-08
DB01085,9.299429939970056e-08
DB00376,9.299429939970056e-08
DB01591,9.299429939970056e-08
aceclidine,9.299429939970056e-08
DB00332,9.299429939970056e-08
DB01282,9.229999957471594e-08
DB00872,9.134088842344535e-08
DB06212,9.134088842344535e-08
DB00387,8.65620154215885e-08
DB00809,8.65620154215885e-08
DB01231,8.65620154215885e-08
DB00424,8.65620154215885e-08
DB00782,8.65620154215885e-08
trepibutone,8.65620154215885e-08
DB01019,8.65620154215885e-08
vinburnine,8.65620154215885e-08
DB01144,8.390083592633641e-08
DB08907,8.178837877730124e-08
DB06292,8.178837877730124e-08
DB09038,8.178837877730124e-08
taltirelin,8.17282916297503e-08
DB01106,8.16448833348929e-08
DB00924,8.163575314979712e-08
DB00580,7.965473369617855e-08
DB00471,7.923958313917732e-08
DB06650,7.861715151439854e-08
DB08935,7.861715151439854e-08
DB11988,7.861715151439854e-08
DB06709,7.679684261092256e-08
DB00863,7.636867859571254e-08
tepoxalin,7.555805064451197e-08
DB00744,7.555805064451197e-08
DB08955,7.555805064451197e-08
silibinin,7.555805064451197e-08
DB06706,7.51324762645143e-08
DB01010,7.468869105542541e-08
DB00733,7.468869105542541e-08
DB00382,7.468869105542541e-08
DB00944,7.468869105542541e-08
pralidoxime-chloride,7.468869105542541e-08
DB00989,7.468869105542541e-08
DB08985,7.310934623039755e-08
DB00232,7.274695293002024e-08
DB00366,7.093240430596844e-08
DB04880,6.804417881828619e-08
DB00261,6.804417881828619e-08
pimobendan,6.804417881828619e-08
olprinone,6.804417881828619e-08
DB00880,6.69647971733452e-08
DB12833,6.602904755170939e-08
DB01616,6.602904755170939e-08
flopropione,6.602904755170939e-08
DB01401,6.386136377163223e-08
DB12545,6.386136377163223e-08
DB01399,6.386136377163223e-08
DB00554,6.386136377163223e-08
amtolmetin-guacil,6.386136377163223e-08
DB13167,6.386136377163223e-08
DB01397,6.386136377163223e-08
DB00821,6.386136377163223e-08
DB13783,6.386136377163223e-08
DB00712,6.386136377163223e-08
DB00861,6.386136377163223e-08
DB06725,6.386136377163223e-08
ufenamate,6.386136377163223e-08
DB11071,6.386136377163223e-08
DB00461,6.386136377163223e-08
DB08984,6.386136377163223e-08
DB00814,6.386136377163223e-08
DB00469,6.386136377163223e-08
bendazac,6.386136377163223e-08
ibuprofen-lysine,6.386136377163223e-08
DB00500,6.386136377163223e-08
DB00963,6.386136377163223e-08
DB01435,6.386136377163223e-08
DB06736,6.386136377163223e-08
DB00154,6.386136377163223e-08
DB09212,6.386136377163223e-08
DB00788,6.386136377163223e-08
DB01283,6.386136377163223e-08
flurbiprofen-(S)-(+),6.386136377163223e-08
DB01600,6.386136377163223e-08
DB00991,6.386136377163223e-08
DB13217,6.386136377163223e-08
DB01438,6.251183689720918e-08
DB00737,6.116723149530249e-08
DB01620,6.116723149530249e-08
DB07615,6.045961727945671e-08
DB01625,5.797925997467522e-08
DB06210,5.673328804990795e-08
DB05332,5.673328804990795e-08
DB00462,5.47260289243241e-08
DB01062,5.47260289243241e-08
DB00517,5.47260289243241e-08
DB00804,5.47260289243241e-08
DB00383,5.47260289243241e-08
DB00986,5.47260289243241e-08
DB09262,5.47260289243241e-08
DB00505,5.47260289243241e-08
chlormadinone-acetate,5.274864347818119e-08
DB00717,5.274864347818119e-08
DB00378,5.274864347818119e-08
DB06470,5.197990014622791e-08
DB01086,5.0516479157604136e-08
DB01031,4.451551835785383e-08
DB01297,4.360610819508198e-08
DB00187,4.360610819508198e-08
DB01220,4.341122190668439e-08
DB13179,4.341122190668439e-08
DB01579,4.2879660588669834e-08
DB06267,4.2730484556945876e-08
DB06237,4.2730484556945876e-08
DB11792,4.2730484556945876e-08
DB06714,4.272583450077419e-08
DB00550,3.989172629358045e-08
DB00763,3.989172629358045e-08
DB00389,3.989172629358045e-08
DB03852,3.9310213051043864e-08
DB01400,3.9310213051043864e-08
methylene-blue,3.9310213051043864e-08
DB01122,3.9310213051043864e-08
DB00400,3.864630042830795e-08
DB00723,3.834745802444425e-08
DB00298,3.834745802444425e-08
DB00211,3.834745802444425e-08
DB00388,3.834745802444425e-08
DB00706,3.834745802444425e-08
DB00185,3.590844628807677e-08
DB00771,3.590844628807677e-08
DB04843,3.590844628807677e-08
DB01057,3.5378478004381544e-08
deracoxib,3.5315320474033365e-08
DB12233,3.5315320474033365e-08
DB09217,3.5315320474033365e-08
DB01628,3.5315320474033365e-08
DB01170,3.4035440599541145e-08
DB04840,3.4035440599541145e-08
DB00226,3.4035440599541145e-08
DB00234,3.4035440599541145e-08
DB09185,3.4035440599541145e-08
DB00699,3.240664176374012e-08
DB00610,3.240664176374012e-08
ipragliflozin-l-proline,3.220684321986972e-08
DB11827,3.220684321986972e-08
DB12230,2.950323803531556e-08
buflomedil,2.950323803531556e-08
adrenalone,2.950323803531556e-08
DB01148,2.8582755446913287e-08
caramiphen,2.8582755446913287e-08
mofezolac,2.8546043297598875e-08
DB09215,2.8546043297598875e-08
DB00729,2.6143273477410817e-08
diphemanil,2.6143273477410817e-08
DB08801,2.3911399805458244e-08
DB01075,2.3911399805458244e-08
5-hydroxytryptophan,2.083493115782476e-08
DB09015,2.012852314130068e-08
desoxycorticosterone-pivalate,2.012852314130068e-08
DB00700,2.012852314130068e-08
DB00429,1.911304012927415e-08
DB00644,1.7558498044943403e-08
DB06825,1.7558498044943403e-08
DB06788,1.7558498044943403e-08
DB06699,1.7558498044943403e-08
DB00106,1.7558498044943403e-08
DB00666,1.7558498044943403e-08
DB00007,1.7558498044943403e-08
DB06785,1.7558498044943403e-08
DB00093,1.7206946990734935e-08
DB09310,1.390076805831651e-08
DB09204,1.2524654152485995e-08
DB00940,1.1445160350953092e-08
DB00209,9.76517281066595e-09
aminopentamide,9.76517281066595e-09
DB00979,9.76517281066595e-09
DB00942,9.76517281066595e-09
piperidolate,9.76517281066595e-09
pipenzolate,9.76517281066595e-09
DB09271,9.76517281066595e-09
DB12554,9.76517281066595e-09
DB06480,9.234980437801242e-09
DB11675,9.234980437801242e-09
ammonium-lactate,8.325508965653223e-09
xipamide,7.183265177784762e-09
DB01324,7.183265177784762e-09
DB00524,7.183265177784762e-09
DB00214,5.7821557566750515e-09
DB08800,5.093817169210907e-09
DB00405,5.093817169210907e-09
DB00885,5.093817169210907e-09
DB00985,5.093817169210907e-09
DB01619,5.093817169210907e-09
DB00427,5.093817169210907e-09
DB09555,5.093817169210907e-09
DB00341,5.093817169210907e-09
DB00950,5.093817169210907e-09
DB04890,5.093817169210907e-09
DB01246,5.093817169210907e-09
DB01084,5.093817169210907e-09
DB00902,5.093817169210907e-09
DB08799,5.093817169210907e-09
DB08802,5.093817169210907e-09
DB12523,5.093817169210907e-09
DB00719,5.093817169210907e-09
DB01615,5.093817169210907e-09
DB00283,5.093817169210907e-09
DB06691,5.093817169210907e-09
DB06766,5.093817169210907e-09
DB00792,5.093817169210907e-09
DB09488,5.093817169210907e-09
DB08936,5.093817169210907e-09
DB00557,5.093817169210907e-09
DB04837,5.093817169210907e-09
DB06282,5.093817169210907e-09
DB01071,5.093817169210907e-09
DB01237,5.093817169210907e-09
DB00972,5.093817169210907e-09
DB11591,5.093817169210907e-09
DB00967,5.093817169210907e-09
DB00748,5.093817169210907e-09
DB00549,5.051713977805183e-09
DB00423,4.37647383240138e-09
DB00587,3.6815324946653552e-09
DB06764,2.903403728424561e-09
DB00927,1.679987540287143e-09
DB00585,1.679987540287143e-09
DB08806,1.679987540287143e-09
